drop table prereq;
drop table time_slot;
drop table advisor;
drop table takes;
drop table student;
drop table teaches;
drop table section;
drop table instructor;
drop table course;
drop table department;
drop table classroom;



create table classroom
	(building		varchar(15),
	 room_number		varchar(7),
	 capacity		numeric(4,0),
	 primary key (building, room_number)
	);

create table department
	(dept_name		varchar(20), 
	 building		varchar(15), 
	 budget		        numeric(12,2) check (budget > 0),
	 primary key (dept_name)
	);

create table course
	(course_id		varchar(8), 
	 title			varchar(50), 
	 dept_name		varchar(20),
	 credits		numeric(2,0) check (credits > 0),
	 primary key (course_id),
	 foreign key (dept_name) references department (dept_name)
		on delete set null
	);

create table time_slot
	(time_slot_id		varchar(4),
	 day			varchar(1),
	 start_hr		numeric(2) check (start_hr >= 0 and start_hr < 24),
	 start_min		numeric(2) check (start_min >= 0 and start_min < 60),
	 end_hr			numeric(2) check (end_hr >= 0 and end_hr < 24),
	 end_min		numeric(2) check (end_min >= 0 and end_min < 60),
	 primary key (time_slot_id, day, start_hr, start_min)
	);

create table prereq
	(course_id		varchar(8), 
	 prereq_id		varchar(8),
	 primary key (course_id, prereq_id),
	 foreign key (course_id) references course (course_id)
		on delete cascade,
	 foreign key (prereq_id) references course (course_id)
	);

create table instructor
	(ID			varchar(5), 
	 name			varchar(20) not null, 
	 dept_name		varchar(20), 
	 salary			numeric(8,2) check (salary > 29000),
	 primary key (ID),
	 foreign key (dept_name) references department (dept_name)
		on delete set null
	);

create table section
	(course_id		varchar(8), 
         sec_id			varchar(8),
	 semester		varchar(6)
		check (semester in ('Fall', 'Winter', 'Spring', 'Summer')), 
	 year			numeric(4,0) check (year > 1701 and year < 2100), 
	 building		varchar(15),
	 room_number		varchar(7),
	 time_slot_id		varchar(4),
	 primary key (course_id, sec_id, semester, year),
	 foreign key (course_id) references course (course_id)
		on delete cascade,
	 foreign key (building, room_number) references classroom (building, room_number)
		on delete set null
	);

create table teaches
	(ID			varchar(5), 
	 course_id		varchar(8),
	 sec_id			varchar(8), 
	 semester		varchar(6),
	 year			numeric(4,0),
	 primary key (ID, course_id, sec_id, semester, year),
	 foreign key (course_id, sec_id, semester, year) references section (course_id, sec_id, semester, year)
		on delete cascade,
	 foreign key (ID) references instructor (ID)
		on delete cascade
	);

create table student
	(ID			varchar(5), 
	 name			varchar(20) not null, 
	 dept_name		varchar(20), 
	 tot_cred		numeric(3,0) check (tot_cred >= 0),
	 primary key (ID),
	 foreign key (dept_name) references department (dept_name)
		on delete set null
	);

create table takes
	(ID			varchar(5), 
	 course_id		varchar(8),
	 sec_id			varchar(8), 
	 semester		varchar(6),
	 year			numeric(4,0),
	 grade		        varchar(2),
	 primary key (ID, course_id, sec_id, semester, year),
	 foreign key (course_id, sec_id, semester, year) references section (course_id, sec_id, semester, year)
		on delete cascade,
	 foreign key (ID) references student (ID)
		on delete cascade
	);

create table advisor
	(s_ID			varchar(5),
	 i_ID			varchar(5),
	 primary key (s_ID),
	 foreign key (i_ID) references instructor (ID)
		on delete set null,
	 foreign key (s_ID) references student (ID)
		on delete cascade
	);

    delete from prereq;
delete from time_slot;
delete from advisor;
delete from takes;
delete from student;
delete from teaches;
delete from section;
delete from instructor;
delete from course;
delete from department;
delete from classroom;
insert into classroom values ('Packard', '101', '500');
insert into classroom values ('Painter', '514', '10');
insert into classroom values ('Taylor', '3128', '70');
insert into classroom values ('Watson', '100', '30');
insert into classroom values ('Watson', '120', '50');
insert into department values ('Biology', 'Watson', '90000');
insert into department values ('Comp. Sci.', 'Taylor', '100000');
insert into department values ('Elec. Eng.', 'Taylor', '85000');
insert into department values ('Finance', 'Painter', '120000');
insert into department values ('History', 'Painter', '50000');
insert into department values ('Music', 'Packard', '80000');
insert into department values ('Physics', 'Watson', '70000');
insert into course values ('BIO-101', 'Intro. to Biology', 'Biology', '4');
insert into course values ('BIO-301', 'Genetics', 'Biology', '4');
insert into course values ('BIO-399', 'Computational Biology', 'Biology', '3');
insert into course values ('CS-101', 'Intro. to Computer Science', 'Comp. Sci.', '4');
insert into course values ('CS-190', 'Game Design', 'Comp. Sci.', '4');
insert into course values ('CS-315', 'Robotics', 'Comp. Sci.', '3');
insert into course values ('CS-319', 'Image Processing', 'Comp. Sci.', '3');
insert into course values ('CS-347', 'Database System Concepts', 'Comp. Sci.', '3');
insert into course values ('EE-181', 'Intro. to Digital Systems', 'Elec. Eng.', '3');
insert into course values ('FIN-201', 'Investment Banking', 'Finance', '3');
insert into course values ('HIS-351', 'World History', 'History', '3');
insert into course values ('MU-199', 'Music Video Production', 'Music', '3');
insert into course values ('PHY-101', 'Physical Principles', 'Physics', '4');
insert into instructor values ('10101', 'Srinivasan', 'Comp. Sci.', '65000');
insert into instructor values ('12121', 'Wu', 'Finance', '90000');
insert into instructor values ('15151', 'Mozart', 'Music', '40000');
insert into instructor values ('22222', 'Einstein', 'Physics', '95000');
insert into instructor values ('32343', 'El Said', 'History', '60000');
insert into instructor values ('33456', 'Gold', 'Physics', '87000');
insert into instructor values ('45565', 'Katz', 'Comp. Sci.', '75000');
insert into instructor values ('58583', 'Califieri', 'History', '62000');
insert into instructor values ('76543', 'Singh', 'Finance', '80000');
insert into instructor values ('76766', 'Crick', 'Biology', '72000');
insert into instructor values ('83821', 'Brandt', 'Comp. Sci.', '92000');
insert into instructor values ('98345', 'Kim', 'Elec. Eng.', '80000');
insert into section values ('BIO-101', '1', 'Summer', '2017', 'Painter', '514', 'B');
insert into section values ('BIO-301', '1', 'Summer', '2018', 'Painter', '514', 'A');
insert into section values ('CS-101', '1', 'Fall', '2017', 'Packard', '101', 'H');
insert into section values ('CS-101', '1', 'Spring', '2018', 'Packard', '101', 'F');
insert into section values ('CS-190', '1', 'Spring', '2017', 'Taylor', '3128', 'E');
insert into section values ('CS-190', '2', 'Spring', '2017', 'Taylor', '3128', 'A');
insert into section values ('CS-315', '1', 'Spring', '2018', 'Watson', '120', 'D');
insert into section values ('CS-319', '1', 'Spring', '2018', 'Watson', '100', 'B');
insert into section values ('CS-319', '2', 'Spring', '2018', 'Taylor', '3128', 'C');
insert into section values ('CS-347', '1', 'Fall', '2017', 'Taylor', '3128', 'A');
insert into section values ('EE-181', '1', 'Spring', '2017', 'Taylor', '3128', 'C');
insert into section values ('FIN-201', '1', 'Spring', '2018', 'Packard', '101', 'B');
insert into section values ('HIS-351', '1', 'Spring', '2018', 'Painter', '514', 'C');
insert into section values ('MU-199', '1', 'Spring', '2018', 'Packard', '101', 'D');
insert into section values ('PHY-101', '1', 'Fall', '2017', 'Watson', '100', 'A');
insert into teaches values ('10101', 'CS-101', '1', 'Fall', '2017');
insert into teaches values ('10101', 'CS-315', '1', 'Spring', '2018');
insert into teaches values ('10101', 'CS-347', '1', 'Fall', '2017');
insert into teaches values ('12121', 'FIN-201', '1', 'Spring', '2018');
insert into teaches values ('15151', 'MU-199', '1', 'Spring', '2018');
insert into teaches values ('22222', 'PHY-101', '1', 'Fall', '2017');
insert into teaches values ('32343', 'HIS-351', '1', 'Spring', '2018');
insert into teaches values ('45565', 'CS-101', '1', 'Spring', '2018');
insert into teaches values ('45565', 'CS-319', '1', 'Spring', '2018');
insert into teaches values ('76766', 'BIO-101', '1', 'Summer', '2017');
insert into teaches values ('76766', 'BIO-301', '1', 'Summer', '2018');
insert into teaches values ('83821', 'CS-190', '1', 'Spring', '2017');
insert into teaches values ('83821', 'CS-190', '2', 'Spring', '2017');
insert into teaches values ('83821', 'CS-319', '2', 'Spring', '2018');
insert into teaches values ('98345', 'EE-181', '1', 'Spring', '2017');
insert into student values ('00128', 'Zhang', 'Comp. Sci.', '102');
insert into student values ('12345', 'Shankar', 'Comp. Sci.', '32');
insert into student values ('19991', 'Brandt', 'History', '80');
insert into student values ('23121', 'Chavez', 'Finance', '110');
insert into student values ('44553', 'Peltier', 'Physics', '56');
insert into student values ('45678', 'Levy', 'Physics', '46');
insert into student values ('54321', 'Williams', 'Comp. Sci.', '54');
insert into student values ('55739', 'Sanchez', 'Music', '38');
insert into student values ('70557', 'Snow', 'Physics', '0');
insert into student values ('76543', 'Brown', 'Comp. Sci.', '58');
insert into student values ('76653', 'Aoi', 'Elec. Eng.', '60');
insert into student values ('98765', 'Bourikas', 'Elec. Eng.', '98');
insert into student values ('98988', 'Tanaka', 'Biology', '120');
insert into takes values ('00128', 'CS-101', '1', 'Fall', '2017', 'A');
insert into takes values ('00128', 'CS-347', '1', 'Fall', '2017', 'A-');
insert into takes values ('12345', 'CS-101', '1', 'Fall', '2017', 'C');
insert into takes values ('12345', 'CS-190', '2', 'Spring', '2017', 'A');
insert into takes values ('12345', 'CS-315', '1', 'Spring', '2018', 'A');
insert into takes values ('12345', 'CS-347', '1', 'Fall', '2017', 'A');
insert into takes values ('19991', 'HIS-351', '1', 'Spring', '2018', 'B');
insert into takes values ('23121', 'FIN-201', '1', 'Spring', '2018', 'C+');
insert into takes values ('44553', 'PHY-101', '1', 'Fall', '2017', 'B-');
insert into takes values ('45678', 'CS-101', '1', 'Fall', '2017', 'F');
insert into takes values ('45678', 'CS-101', '1', 'Spring', '2018', 'B+');
insert into takes values ('45678', 'CS-319', '1', 'Spring', '2018', 'B');
insert into takes values ('54321', 'CS-101', '1', 'Fall', '2017', 'A-');
insert into takes values ('54321', 'CS-190', '2', 'Spring', '2017', 'B+');
insert into takes values ('55739', 'MU-199', '1', 'Spring', '2018', 'A-');
insert into takes values ('76543', 'CS-101', '1', 'Fall', '2017', 'A');
insert into takes values ('76543', 'CS-319', '2', 'Spring', '2018', 'A');
insert into takes values ('76653', 'EE-181', '1', 'Spring', '2017', 'C');
insert into takes values ('98765', 'CS-101', '1', 'Fall', '2017', 'C-');
insert into takes values ('98765', 'CS-315', '1', 'Spring', '2018', 'B');
insert into takes values ('98988', 'BIO-101', '1', 'Summer', '2017', 'A');
insert into takes values ('98988', 'BIO-301', '1', 'Summer', '2018', null);
insert into advisor values ('00128', '45565');
insert into advisor values ('12345', '10101');
insert into advisor values ('23121', '76543');
insert into advisor values ('44553', '22222');
insert into advisor values ('45678', '22222');
insert into advisor values ('76543', '45565');
insert into advisor values ('76653', '98345');
insert into advisor values ('98765', '98345');
insert into advisor values ('98988', '76766');
insert into time_slot values ('A', 'M', '8', '0', '8', '50');
insert into time_slot values ('A', 'W', '8', '0', '8', '50');
insert into time_slot values ('A', 'F', '8', '0', '8', '50');
insert into time_slot values ('B', 'M', '9', '0', '9', '50');
insert into time_slot values ('B', 'W', '9', '0', '9', '50');
insert into time_slot values ('B', 'F', '9', '0', '9', '50');
insert into time_slot values ('C', 'M', '11', '0', '11', '50');
insert into time_slot values ('C', 'W', '11', '0', '11', '50');
insert into time_slot values ('C', 'F', '11', '0', '11', '50');
insert into time_slot values ('D', 'M', '13', '0', '13', '50');
insert into time_slot values ('D', 'W', '13', '0', '13', '50');
insert into time_slot values ('D', 'F', '13', '0', '13', '50');
insert into time_slot values ('E', 'T', '10', '30', '11', '45 ');
insert into time_slot values ('E', 'R', '10', '30', '11', '45 ');
insert into time_slot values ('F', 'T', '14', '30', '15', '45 ');
insert into time_slot values ('F', 'R', '14', '30', '15', '45 ');
insert into time_slot values ('G', 'M', '16', '0', '16', '50');
insert into time_slot values ('G', 'W', '16', '0', '16', '50');
insert into time_slot values ('G', 'F', '16', '0', '16', '50');
insert into time_slot values ('H', 'W', '10', '0', '12', '30');
insert into prereq values ('BIO-301', 'BIO-101');
insert into prereq values ('BIO-399', 'BIO-101');
insert into prereq values ('CS-190', 'CS-101');
insert into prereq values ('CS-315', 'CS-101');
insert into prereq values ('CS-319', 'CS-101');
insert into prereq values ('CS-347', 'CS-101');
insert into prereq values ('EE-181', 'PHY-101');

--1
SET SERVEROUTPUT ON
CREATE SEQUENCE student_id_sequence
    START WITH 1
    INCREMENT BY 1
    MINVALUE 1
    MAXVALUE 9999
    NOCACHE
    NOCYCLE;

CREATE OR REPLACE FUNCTION generate_student_id(department_name VARCHAR2) RETURN VARCHAR2 IS
    department_code NUMBER;
    student_id VARCHAR2(5);
BEGIN
    CASE department_name
        WHEN 'Biology' THEN department_code := 1;
        WHEN 'Comp. Sci.' THEN department_code := 2;
        WHEN 'Elec. Eng.' THEN department_code := 3;
        WHEN 'Finance' THEN department_code := 4;
        WHEN 'History' THEN department_code := 5;
        WHEN 'Music' THEN department_code := 6;
        WHEN 'Physics' THEN department_code := 7;
        ELSE RETURN 'Invalid department';
    END CASE;

    student_id := LPAD(department_code, 1, '0') || LPAD(student_id_sequence.NEXTVAL, 4, '0');
    
    RETURN student_id;
END;
/

--2
SET SERVEROUTPUT ON
DECLARE
    v_student_id VARCHAR2(5);
BEGIN
    FOR rec IN (SELECT name, dept_name FROM student ORDER BY name) LOOP
        v_student_id := generate_student_id(rec.dept_name);
        
        UPDATE student
        SET id = v_student_id
        WHERE name = rec.name;
        
        DBMS_OUTPUT.PUT_LINE('Updated student ID for ' || rec.name || ' to ' || v_student_id);
    END LOOP;
END;
/

--3
CREATE OR REPLACE TRIGGER generate_student_id_trigger
BEFORE INSERT ON student
FOR EACH ROW
DECLARE
    v_department_code VARCHAR2(1);
    v_sequence_num NUMBER;
    v_student_id VARCHAR2(5);
BEGIN
    SELECT 
        CASE :NEW.dept_name
            WHEN 'Biology' THEN '1'
            WHEN 'Comp. Sci.' THEN '2'
            WHEN 'Elec. Eng.' THEN '3'
            WHEN 'Finance' THEN '4'
            WHEN 'History' THEN '5'
            WHEN 'Music' THEN '6'
            WHEN 'Physics' THEN '7'
            ELSE NULL
        END
    INTO v_department_code
    FROM dual;
    
    SELECT NVL(MAX(SUBSTR(ID, 2)), 0) + 1
    INTO v_sequence_num
    FROM student
    WHERE SUBSTR(ID, 1, 1) = v_department_code;
    
    v_student_id := v_department_code || LPAD(v_sequence_num, 3, '0');
    
    :NEW.ID := v_student_id;
END;
/

--4
CREATE OR REPLACE TRIGGER update_tot_cred_trigger
AFTER INSERT ON takes
FOR EACH ROW
DECLARE
    v_course_credits NUMBER;
BEGIN
    SELECT credits INTO v_course_credits
    FROM course
    WHERE course_id = :NEW.course_id;
    
    UPDATE student
    SET tot_cred = tot_cred + v_course_credits
    WHERE ID = :NEW.ID;
END;
/

--5
CREATE OR REPLACE TRIGGER enroll_new_student
AFTER INSERT ON student
FOR EACH ROW
DECLARE
    v_semester VARCHAR2(6);
    v_year NUMBER;
    v_current_month NUMBER;
BEGIN
     v_current_month := TO_NUMBER(TO_CHAR(SYSDATE, 'MM'));
    IF v_current_month BETWEEN 11 AND 12 OR v_current_month BETWEEN 1 AND 2 THEN
        v_semester := 'Winter';
    ELSIF v_current_month BETWEEN 3 AND 7 THEN
        v_semester := 'Summer';
    ELSE
        v_semester := 'Fall';
    END IF;

     v_year := TO_NUMBER(TO_CHAR(SYSDATE, 'YYYY'));

     FOR course_rec IN (SELECT c.course_id, c.dept_name, s.building
                       FROM course c
                       JOIN department d ON c.dept_name = d.dept_name
                       JOIN section s ON c.course_id = s.course_id
                       WHERE (d.dept_name = :NEW.dept_name OR d.dept_name != :NEW.dept_name)
                             AND c.course_id NOT IN (SELECT course_id FROM prereq)
                             AND s.semester = v_semester
                             AND s.year = v_year
                       ORDER BY d.dept_name)
    LOOP
         SELECT COUNT(*)
        INTO v_room_count
        FROM classroom
        WHERE building = course_rec.building;

        IF v_room_count > 0 THEN
            SELECT ts.time_slot_id
            INTO v_time_slot_id
            FROM time_slot ts
            LEFT JOIN section s ON ts.time_slot_id = s.time_slot_id
            WHERE s.time_slot_id IS NULL
            AND ROWNUM = 1;

            INSERT INTO takes (ID, course_id, sec_id, semester, year)
            VALUES (:NEW.ID, course_rec.course_id, '001', v_semester, v_year);

            IF v_time_slot_id IS NULL THEN
                INSERT INTO section (course_id, sec_id, semester, year, building, room_number, time_slot_id)
                VALUES (course_rec.course_id, '001', v_semester, v_year, course_rec.building, NULL, NULL);
            END IF;
        END IF;
    END LOOP;
END;
/



